direction,metric,layer,value
Sanâ†’Hin,enc_content_frac,1,0.93
Sanâ†’Hin,enc_content_frac,2,0.9473
Sanâ†’Hin,enc_content_frac,3,0.9589
Sanâ†’Hin,enc_content_frac,4,0.9606
Sanâ†’Hin,enc_content_frac,5,0.9496
Sanâ†’Hin,enc_content_frac,6,0.947
Sanâ†’Hin,enc_content_frac,7,0.946
Sanâ†’Hin,enc_content_frac,8,0.9509
Sanâ†’Hin,enc_content_frac,9,0.9606
Sanâ†’Hin,enc_content_frac,10,0.9638
Sanâ†’Hin,enc_content_frac,11,0.964
Sanâ†’Hin,enc_content_frac,12,0.9653
Sanâ†’Hin,dec_cross_frac,1,0.9848
Sanâ†’Hin,dec_cross_frac,2,0.9799
Sanâ†’Hin,dec_cross_frac,3,0.9822
Sanâ†’Hin,dec_cross_frac,4,0.982
Sanâ†’Hin,dec_cross_frac,5,0.9868
Sanâ†’Hin,dec_cross_frac,6,0.9842
Sanâ†’Hin,dec_cross_frac,7,0.9861
Sanâ†’Hin,dec_cross_frac,8,0.9882
Sanâ†’Hin,dec_cross_frac,9,0.9775
Sanâ†’Hin,dec_cross_frac,10,0.9684
Sanâ†’Hin,dec_cross_frac,11,0.9657
Sanâ†’Hin,dec_cross_frac,12,0.9645
Sanâ†’Hin,dec_self_ent,1,0.9514
Sanâ†’Hin,dec_self_ent,2,0.7385
Sanâ†’Hin,dec_self_ent,3,0.7595
Sanâ†’Hin,dec_self_ent,4,0.9365
Sanâ†’Hin,dec_self_ent,5,0.7565
Sanâ†’Hin,dec_self_ent,6,0.8555
Sanâ†’Hin,dec_self_ent,7,0.7716
Sanâ†’Hin,dec_self_ent,8,0.7861
Sanâ†’Hin,dec_self_ent,9,0.8409
Sanâ†’Hin,dec_self_ent,10,0.8395
Sanâ†’Hin,dec_self_ent,11,0.7567
Sanâ†’Hin,dec_self_ent,12,0.809
Sanâ†’Kan,enc_content_frac,1,0.9312
Sanâ†’Kan,enc_content_frac,2,0.9486
Sanâ†’Kan,enc_content_frac,3,0.961
Sanâ†’Kan,enc_content_frac,4,0.9614
Sanâ†’Kan,enc_content_frac,5,0.9529
Sanâ†’Kan,enc_content_frac,6,0.9518
Sanâ†’Kan,enc_content_frac,7,0.9501
Sanâ†’Kan,enc_content_frac,8,0.9545
Sanâ†’Kan,enc_content_frac,9,0.9631
Sanâ†’Kan,enc_content_frac,10,0.9673
Sanâ†’Kan,enc_content_frac,11,0.9671
Sanâ†’Kan,enc_content_frac,12,0.9685
Sanâ†’Kan,dec_cross_frac,1,0.9865
Sanâ†’Kan,dec_cross_frac,2,0.9809
Sanâ†’Kan,dec_cross_frac,3,0.9821
Sanâ†’Kan,dec_cross_frac,4,0.9812
Sanâ†’Kan,dec_cross_frac,5,0.9871
Sanâ†’Kan,dec_cross_frac,6,0.9858
Sanâ†’Kan,dec_cross_frac,7,0.9871
Sanâ†’Kan,dec_cross_frac,8,0.9885
Sanâ†’Kan,dec_cross_frac,9,0.9818
Sanâ†’Kan,dec_cross_frac,10,0.9757
Sanâ†’Kan,dec_cross_frac,11,0.9731
Sanâ†’Kan,dec_cross_frac,12,0.9758
Sanâ†’Kan,dec_self_ent,1,0.9542
Sanâ†’Kan,dec_self_ent,2,0.6938
Sanâ†’Kan,dec_self_ent,3,0.7814
Sanâ†’Kan,dec_self_ent,4,0.8794
Sanâ†’Kan,dec_self_ent,5,0.761
Sanâ†’Kan,dec_self_ent,6,0.8435
Sanâ†’Kan,dec_self_ent,7,0.7628
Sanâ†’Kan,dec_self_ent,8,0.8176
Sanâ†’Kan,dec_self_ent,9,0.9072
Sanâ†’Kan,dec_self_ent,10,0.9499
Sanâ†’Kan,dec_self_ent,11,0.9028
Sanâ†’Kan,dec_self_ent,12,0.9264
Hinâ†’San,enc_content_frac,1,0.9288
Hinâ†’San,enc_content_frac,2,0.9497
Hinâ†’San,enc_content_frac,3,0.9628
Hinâ†’San,enc_content_frac,4,0.9618
Hinâ†’San,enc_content_frac,5,0.9526
Hinâ†’San,enc_content_frac,6,0.9475
Hinâ†’San,enc_content_frac,7,0.945
Hinâ†’San,enc_content_frac,8,0.9546
Hinâ†’San,enc_content_frac,9,0.9616
Hinâ†’San,enc_content_frac,10,0.9672
Hinâ†’San,enc_content_frac,11,0.9669
Hinâ†’San,enc_content_frac,12,0.9656
Hinâ†’San,dec_cross_frac,1,0.9861
Hinâ†’San,dec_cross_frac,2,0.9817
Hinâ†’San,dec_cross_frac,3,0.9833
Hinâ†’San,dec_cross_frac,4,0.9839
Hinâ†’San,dec_cross_frac,5,0.9867
Hinâ†’San,dec_cross_frac,6,0.9853
Hinâ†’San,dec_cross_frac,7,0.9866
Hinâ†’San,dec_cross_frac,8,0.9895
Hinâ†’San,dec_cross_frac,9,0.9821
Hinâ†’San,dec_cross_frac,10,0.9765
Hinâ†’San,dec_cross_frac,11,0.9714
Hinâ†’San,dec_cross_frac,12,0.9742
Hinâ†’San,dec_self_ent,1,1.0161
Hinâ†’San,dec_self_ent,2,0.7686
Hinâ†’San,dec_self_ent,3,0.7848
Hinâ†’San,dec_self_ent,4,0.978
Hinâ†’San,dec_self_ent,5,0.7643
Hinâ†’San,dec_self_ent,6,0.8809
Hinâ†’San,dec_self_ent,7,0.8149
Hinâ†’San,dec_self_ent,8,0.7866
Hinâ†’San,dec_self_ent,9,0.9344
Hinâ†’San,dec_self_ent,10,0.9089
Hinâ†’San,dec_self_ent,11,0.8332
Hinâ†’San,dec_self_ent,12,0.8431
Hinâ†’Kan,enc_content_frac,1,0.9221
Hinâ†’Kan,enc_content_frac,2,0.9447
Hinâ†’Kan,enc_content_frac,3,0.9598
Hinâ†’Kan,enc_content_frac,4,0.9583
Hinâ†’Kan,enc_content_frac,5,0.9477
Hinâ†’Kan,enc_content_frac,6,0.9402
Hinâ†’Kan,enc_content_frac,7,0.9377
Hinâ†’Kan,enc_content_frac,8,0.9489
Hinâ†’Kan,enc_content_frac,9,0.9548
Hinâ†’Kan,enc_content_frac,10,0.9617
Hinâ†’Kan,enc_content_frac,11,0.9612
Hinâ†’Kan,enc_content_frac,12,0.9591
Hinâ†’Kan,dec_cross_frac,1,0.9842
Hinâ†’Kan,dec_cross_frac,2,0.9776
Hinâ†’Kan,dec_cross_frac,3,0.9794
Hinâ†’Kan,dec_cross_frac,4,0.9781
Hinâ†’Kan,dec_cross_frac,5,0.9851
Hinâ†’Kan,dec_cross_frac,6,0.9798
Hinâ†’Kan,dec_cross_frac,7,0.9812
Hinâ†’Kan,dec_cross_frac,8,0.9847
Hinâ†’Kan,dec_cross_frac,9,0.9746
Hinâ†’Kan,dec_cross_frac,10,0.9637
Hinâ†’Kan,dec_cross_frac,11,0.9602
Hinâ†’Kan,dec_cross_frac,12,0.9668
Hinâ†’Kan,dec_self_ent,1,0.9151
Hinâ†’Kan,dec_self_ent,2,0.6733
Hinâ†’Kan,dec_self_ent,3,0.7535
Hinâ†’Kan,dec_self_ent,4,0.8272
Hinâ†’Kan,dec_self_ent,5,0.7313
Hinâ†’Kan,dec_self_ent,6,0.7876
Hinâ†’Kan,dec_self_ent,7,0.7248
Hinâ†’Kan,dec_self_ent,8,0.764
Hinâ†’Kan,dec_self_ent,9,0.8314
Hinâ†’Kan,dec_self_ent,10,0.8762
Hinâ†’Kan,dec_self_ent,11,0.8181
Hinâ†’Kan,dec_self_ent,12,0.8706
Kanâ†’San,enc_content_frac,1,0.9366
Kanâ†’San,enc_content_frac,2,0.9505
Kanâ†’San,enc_content_frac,3,0.9657
Kanâ†’San,enc_content_frac,4,0.9633
Kanâ†’San,enc_content_frac,5,0.9509
Kanâ†’San,enc_content_frac,6,0.9457
Kanâ†’San,enc_content_frac,7,0.9429
Kanâ†’San,enc_content_frac,8,0.952
Kanâ†’San,enc_content_frac,9,0.9594
Kanâ†’San,enc_content_frac,10,0.9656
Kanâ†’San,enc_content_frac,11,0.9671
Kanâ†’San,enc_content_frac,12,0.9648
Kanâ†’San,dec_cross_frac,1,0.987
Kanâ†’San,dec_cross_frac,2,0.9815
Kanâ†’San,dec_cross_frac,3,0.9837
Kanâ†’San,dec_cross_frac,4,0.9839
Kanâ†’San,dec_cross_frac,5,0.9852
Kanâ†’San,dec_cross_frac,6,0.9826
Kanâ†’San,dec_cross_frac,7,0.9854
Kanâ†’San,dec_cross_frac,8,0.989
Kanâ†’San,dec_cross_frac,9,0.9808
Kanâ†’San,dec_cross_frac,10,0.9746
Kanâ†’San,dec_cross_frac,11,0.9701
Kanâ†’San,dec_cross_frac,12,0.9729
Kanâ†’San,dec_self_ent,1,0.9135
Kanâ†’San,dec_self_ent,2,0.7342
Kanâ†’San,dec_self_ent,3,0.7539
Kanâ†’San,dec_self_ent,4,0.9271
Kanâ†’San,dec_self_ent,5,0.7374
Kanâ†’San,dec_self_ent,6,0.843
Kanâ†’San,dec_self_ent,7,0.7751
Kanâ†’San,dec_self_ent,8,0.7584
Kanâ†’San,dec_self_ent,9,0.8918
Kanâ†’San,dec_self_ent,10,0.8635
Kanâ†’San,dec_self_ent,11,0.7799
Kanâ†’San,dec_self_ent,12,0.7896
Kanâ†’Hin,enc_content_frac,1,0.9433
Kanâ†’Hin,enc_content_frac,2,0.9567
Kanâ†’Hin,enc_content_frac,3,0.9682
Kanâ†’Hin,enc_content_frac,4,0.9682
Kanâ†’Hin,enc_content_frac,5,0.9572
Kanâ†’Hin,enc_content_frac,6,0.954
Kanâ†’Hin,enc_content_frac,7,0.9518
Kanâ†’Hin,enc_content_frac,8,0.9601
Kanâ†’Hin,enc_content_frac,9,0.9655
Kanâ†’Hin,enc_content_frac,10,0.9716
Kanâ†’Hin,enc_content_frac,11,0.9724
Kanâ†’Hin,enc_content_frac,12,0.9701
Kanâ†’Hin,dec_cross_frac,1,0.9865
Kanâ†’Hin,dec_cross_frac,2,0.9827
Kanâ†’Hin,dec_cross_frac,3,0.9832
Kanâ†’Hin,dec_cross_frac,4,0.9842
Kanâ†’Hin,dec_cross_frac,5,0.9872
Kanâ†’Hin,dec_cross_frac,6,0.9832
Kanâ†’Hin,dec_cross_frac,7,0.9849
Kanâ†’Hin,dec_cross_frac,8,0.9873
Kanâ†’Hin,dec_cross_frac,9,0.9758
Kanâ†’Hin,dec_cross_frac,10,0.9637
Kanâ†’Hin,dec_cross_frac,11,0.9601
Kanâ†’Hin,dec_cross_frac,12,0.9624
Kanâ†’Hin,dec_self_ent,1,0.977
Kanâ†’Hin,dec_self_ent,2,0.7421
Kanâ†’Hin,dec_self_ent,3,0.7681
Kanâ†’Hin,dec_self_ent,4,0.9292
Kanâ†’Hin,dec_self_ent,5,0.7494
Kanâ†’Hin,dec_self_ent,6,0.834
Kanâ†’Hin,dec_self_ent,7,0.7572
Kanâ†’Hin,dec_self_ent,8,0.7626
Kanâ†’Hin,dec_self_ent,9,0.8183
Kanâ†’Hin,dec_self_ent,10,0.8178
Kanâ†’Hin,dec_self_ent,11,0.7459
Kanâ†’Hin,dec_self_ent,12,0.8172
