direction,view,layer,span,fraction
Sanâ†’Hin,all,1,pre_instr,0.04614
Sanâ†’Hin,all,1,instruction,0.12305
Sanâ†’Hin,all,1,src,0.37236
Sanâ†’Hin,all,1,post_src,0.08496
Sanâ†’Hin,all,1,tgt_self,0.29014
Sanâ†’Hin,all,2,pre_instr,0.06729
Sanâ†’Hin,all,2,instruction,0.02317
Sanâ†’Hin,all,2,src,0.55996
Sanâ†’Hin,all,2,post_src,0.06799
Sanâ†’Hin,all,2,tgt_self,0.18223
Sanâ†’Hin,all,3,pre_instr,0.04019
Sanâ†’Hin,all,3,instruction,0.01287
Sanâ†’Hin,all,3,src,0.65508
Sanâ†’Hin,all,3,post_src,0.06918
Sanâ†’Hin,all,3,tgt_self,0.14856
Sanâ†’Hin,all,4,pre_instr,0.07236
Sanâ†’Hin,all,4,instruction,0.0117
Sanâ†’Hin,all,4,src,0.6875
Sanâ†’Hin,all,4,post_src,0.05862
Sanâ†’Hin,all,4,tgt_self,0.11436
Sanâ†’Hin,all,5,pre_instr,0.07649
Sanâ†’Hin,all,5,instruction,0.01113
Sanâ†’Hin,all,5,src,0.67812
Sanâ†’Hin,all,5,post_src,0.04675
Sanâ†’Hin,all,5,tgt_self,0.12888
Sanâ†’Hin,all,6,pre_instr,0.16162
Sanâ†’Hin,all,6,instruction,0.03192
Sanâ†’Hin,all,6,src,0.55801
Sanâ†’Hin,all,6,post_src,0.07805
Sanâ†’Hin,all,6,tgt_self,0.10623
Sanâ†’Hin,all,7,pre_instr,0.29307
Sanâ†’Hin,all,7,instruction,0.04335
Sanâ†’Hin,all,7,src,0.4127
Sanâ†’Hin,all,7,post_src,0.10498
Sanâ†’Hin,all,7,tgt_self,0.09792
Sanâ†’Hin,all,8,pre_instr,0.0772
Sanâ†’Hin,all,8,instruction,0.02892
Sanâ†’Hin,all,8,src,0.24629
Sanâ†’Hin,all,8,post_src,0.11797
Sanâ†’Hin,all,8,tgt_self,0.18613
Sanâ†’Hin,first,1,pre_instr,0.05225
Sanâ†’Hin,first,1,instruction,0.27275
Sanâ†’Hin,first,1,src,0.49336
Sanâ†’Hin,first,1,post_src,0.14949
Sanâ†’Hin,first,1,tgt_self,0.0
Sanâ†’Hin,first,2,pre_instr,0.06196
Sanâ†’Hin,first,2,instruction,0.15259
Sanâ†’Hin,first,2,src,0.53965
Sanâ†’Hin,first,2,post_src,0.1563
Sanâ†’Hin,first,2,tgt_self,0.0
Sanâ†’Hin,first,3,pre_instr,0.03843
Sanâ†’Hin,first,3,instruction,0.0611
Sanâ†’Hin,first,3,src,0.71953
Sanâ†’Hin,first,3,post_src,0.14087
Sanâ†’Hin,first,3,tgt_self,0.0
Sanâ†’Hin,first,4,pre_instr,0.06543
Sanâ†’Hin,first,4,instruction,0.03161
Sanâ†’Hin,first,4,src,0.73477
Sanâ†’Hin,first,4,post_src,0.11909
Sanâ†’Hin,first,4,tgt_self,0.0
Sanâ†’Hin,first,5,pre_instr,0.06841
Sanâ†’Hin,first,5,instruction,0.01734
Sanâ†’Hin,first,5,src,0.80352
Sanâ†’Hin,first,5,post_src,0.07493
Sanâ†’Hin,first,5,tgt_self,0.0
Sanâ†’Hin,first,6,pre_instr,0.1356
Sanâ†’Hin,first,6,instruction,0.0489
Sanâ†’Hin,first,6,src,0.61875
Sanâ†’Hin,first,6,post_src,0.15322
Sanâ†’Hin,first,6,tgt_self,0.0
Sanâ†’Hin,first,7,pre_instr,0.23984
Sanâ†’Hin,first,7,instruction,0.05316
Sanâ†’Hin,first,7,src,0.49512
Sanâ†’Hin,first,7,post_src,0.16387
Sanâ†’Hin,first,7,tgt_self,0.0
Sanâ†’Hin,first,8,pre_instr,0.05422
Sanâ†’Hin,first,8,instruction,0.04506
Sanâ†’Hin,first,8,src,0.32324
Sanâ†’Hin,first,8,post_src,0.22383
Sanâ†’Hin,first,8,tgt_self,0.0
Sanâ†’Hin,later,1,pre_instr,0.04609
Sanâ†’Hin,later,1,instruction,0.11108
Sanâ†’Hin,later,1,src,0.35098
Sanâ†’Hin,later,1,post_src,0.08181
Sanâ†’Hin,later,1,tgt_self,0.32354
Sanâ†’Hin,later,2,pre_instr,0.06885
Sanâ†’Hin,later,2,instruction,0.01562
Sanâ†’Hin,later,2,src,0.55039
Sanâ†’Hin,later,2,post_src,0.06019
Sanâ†’Hin,later,2,tgt_self,0.20225
Sanâ†’Hin,later,3,pre_instr,0.04091
Sanâ†’Hin,later,3,instruction,0.01071
Sanâ†’Hin,later,3,src,0.64258
Sanâ†’Hin,later,3,post_src,0.06462
Sanâ†’Hin,later,3,tgt_self,0.16499
Sanâ†’Hin,later,4,pre_instr,0.07395
Sanâ†’Hin,later,4,instruction,0.01138
Sanâ†’Hin,later,4,src,0.67383
Sanâ†’Hin,later,4,post_src,0.05731
Sanâ†’Hin,later,4,tgt_self,0.12766
Sanâ†’Hin,later,5,pre_instr,0.08064
Sanâ†’Hin,later,5,instruction,0.01161
Sanâ†’Hin,later,5,src,0.65547
Sanâ†’Hin,later,5,post_src,0.04594
Sanâ†’Hin,later,5,tgt_self,0.14382
Sanâ†’Hin,later,6,pre_instr,0.16445
Sanâ†’Hin,later,6,instruction,0.03199
Sanâ†’Hin,later,6,src,0.54355
Sanâ†’Hin,later,6,post_src,0.07463
Sanâ†’Hin,later,6,tgt_self,0.11807
Sanâ†’Hin,later,7,pre_instr,0.30234
Sanâ†’Hin,later,7,instruction,0.04366
Sanâ†’Hin,later,7,src,0.39434
Sanâ†’Hin,later,7,post_src,0.10317
Sanâ†’Hin,later,7,tgt_self,0.10764
Sanâ†’Hin,later,8,pre_instr,0.08013
Sanâ†’Hin,later,8,instruction,0.02729
Sanâ†’Hin,later,8,src,0.22998
Sanâ†’Hin,later,8,post_src,0.11206
Sanâ†’Hin,later,8,tgt_self,0.20645
Sanâ†’Kan,all,1,pre_instr,0.03926
Sanâ†’Kan,all,1,instruction,0.11118
Sanâ†’Kan,all,1,src,0.30225
Sanâ†’Kan,all,1,post_src,0.06665
Sanâ†’Kan,all,1,tgt_self,0.3957
Sanâ†’Kan,all,2,pre_instr,0.07056
Sanâ†’Kan,all,2,instruction,0.03607
Sanâ†’Kan,all,2,src,0.53008
Sanâ†’Kan,all,2,post_src,0.05587
Sanâ†’Kan,all,2,tgt_self,0.20684
Sanâ†’Kan,all,3,pre_instr,0.05027
Sanâ†’Kan,all,3,instruction,0.02509
Sanâ†’Kan,all,3,src,0.63398
Sanâ†’Kan,all,3,post_src,0.0656
Sanâ†’Kan,all,3,tgt_self,0.15249
Sanâ†’Kan,all,4,pre_instr,0.07446
Sanâ†’Kan,all,4,instruction,0.01468
Sanâ†’Kan,all,4,src,0.67891
Sanâ†’Kan,all,4,post_src,0.04946
Sanâ†’Kan,all,4,tgt_self,0.1314
Sanâ†’Kan,all,5,pre_instr,0.08413
Sanâ†’Kan,all,5,instruction,0.0119
Sanâ†’Kan,all,5,src,0.63789
Sanâ†’Kan,all,5,post_src,0.0387
Sanâ†’Kan,all,5,tgt_self,0.15654
Sanâ†’Kan,all,6,pre_instr,0.17627
Sanâ†’Kan,all,6,instruction,0.03997
Sanâ†’Kan,all,6,src,0.49766
Sanâ†’Kan,all,6,post_src,0.07319
Sanâ†’Kan,all,6,tgt_self,0.13555
Sanâ†’Kan,all,7,pre_instr,0.25771
Sanâ†’Kan,all,7,instruction,0.04828
Sanâ†’Kan,all,7,src,0.41836
Sanâ†’Kan,all,7,post_src,0.0907
Sanâ†’Kan,all,7,tgt_self,0.1271
Sanâ†’Kan,all,8,pre_instr,0.05242
Sanâ†’Kan,all,8,instruction,0.0265
Sanâ†’Kan,all,8,src,0.18643
Sanâ†’Kan,all,8,post_src,0.10659
Sanâ†’Kan,all,8,tgt_self,0.2792
Sanâ†’Kan,first,1,pre_instr,0.07639
Sanâ†’Kan,first,1,instruction,0.25449
Sanâ†’Kan,first,1,src,0.279
Sanâ†’Kan,first,1,post_src,0.18398
Sanâ†’Kan,first,1,tgt_self,0.0
Sanâ†’Kan,first,2,pre_instr,0.12808
Sanâ†’Kan,first,2,instruction,0.24688
Sanâ†’Kan,first,2,src,0.31367
Sanâ†’Kan,first,2,post_src,0.13818
Sanâ†’Kan,first,2,tgt_self,0.0
Sanâ†’Kan,first,3,pre_instr,0.11641
Sanâ†’Kan,first,3,instruction,0.27334
Sanâ†’Kan,first,3,src,0.33428
Sanâ†’Kan,first,3,post_src,0.19121
Sanâ†’Kan,first,3,tgt_self,0.0
Sanâ†’Kan,first,4,pre_instr,0.10254
Sanâ†’Kan,first,4,instruction,0.11423
Sanâ†’Kan,first,4,src,0.5875
Sanâ†’Kan,first,4,post_src,0.12666
Sanâ†’Kan,first,4,tgt_self,0.0
Sanâ†’Kan,first,5,pre_instr,0.06833
Sanâ†’Kan,first,5,instruction,0.03081
Sanâ†’Kan,first,5,src,0.71992
Sanâ†’Kan,first,5,post_src,0.0854
Sanâ†’Kan,first,5,tgt_self,0.0
Sanâ†’Kan,first,6,pre_instr,0.22026
Sanâ†’Kan,first,6,instruction,0.06685
Sanâ†’Kan,first,6,src,0.4209
Sanâ†’Kan,first,6,post_src,0.15239
Sanâ†’Kan,first,6,tgt_self,0.0
Sanâ†’Kan,first,7,pre_instr,0.28398
Sanâ†’Kan,first,7,instruction,0.07291
Sanâ†’Kan,first,7,src,0.35024
Sanâ†’Kan,first,7,post_src,0.19209
Sanâ†’Kan,first,7,tgt_self,0.0
Sanâ†’Kan,first,8,pre_instr,0.04095
Sanâ†’Kan,first,8,instruction,0.04202
Sanâ†’Kan,first,8,src,0.22178
Sanâ†’Kan,first,8,post_src,0.23594
Sanâ†’Kan,first,8,tgt_self,0.0
Sanâ†’Kan,later,1,pre_instr,0.03763
Sanâ†’Kan,later,1,instruction,0.10337
Sanâ†’Kan,later,1,src,0.29824
Sanâ†’Kan,later,1,post_src,0.06042
Sanâ†’Kan,later,1,tgt_self,0.42012
Sanâ†’Kan,later,2,pre_instr,0.06877
Sanâ†’Kan,later,2,instruction,0.02646
Sanâ†’Kan,later,2,src,0.53633
Sanâ†’Kan,later,2,post_src,0.04954
Sanâ†’Kan,later,2,tgt_self,0.22051
Sanâ†’Kan,later,3,pre_instr,0.04836
Sanâ†’Kan,later,3,instruction,0.01583
Sanâ†’Kan,later,3,src,0.63945
Sanâ†’Kan,later,3,post_src,0.05977
Sanâ†’Kan,later,3,tgt_self,0.16431
Sanâ†’Kan,later,4,pre_instr,0.07441
Sanâ†’Kan,later,4,instruction,0.01117
Sanâ†’Kan,later,4,src,0.67461
Sanâ†’Kan,later,4,post_src,0.04637
Sanâ†’Kan,later,4,tgt_self,0.14219
Sanâ†’Kan,later,5,pre_instr,0.08694
Sanâ†’Kan,later,5,instruction,0.01095
Sanâ†’Kan,later,5,src,0.62695
Sanâ†’Kan,later,5,post_src,0.0345
Sanâ†’Kan,later,5,tgt_self,0.16851
Sanâ†’Kan,later,6,pre_instr,0.17642
Sanâ†’Kan,later,6,instruction,0.03978
Sanâ†’Kan,later,6,src,0.49199
Sanâ†’Kan,later,6,post_src,0.06943
Sanâ†’Kan,later,6,tgt_self,0.14458
Sanâ†’Kan,later,7,pre_instr,0.2585
Sanâ†’Kan,later,7,instruction,0.04752
Sanâ†’Kan,later,7,src,0.41563
Sanâ†’Kan,later,7,post_src,0.08577
Sanâ†’Kan,later,7,tgt_self,0.13525
Sanâ†’Kan,later,8,pre_instr,0.05327
Sanâ†’Kan,later,8,instruction,0.02533
Sanâ†’Kan,later,8,src,0.18115
Sanâ†’Kan,later,8,post_src,0.09932
Sanâ†’Kan,later,8,tgt_self,0.2958
Hinâ†’San,all,1,pre_instr,0.02931
Hinâ†’San,all,1,instruction,0.09292
Hinâ†’San,all,1,src,0.37656
Hinâ†’San,all,1,post_src,0.04591
Hinâ†’San,all,1,tgt_self,0.38975
Hinâ†’San,all,2,pre_instr,0.05471
Hinâ†’San,all,2,instruction,0.02812
Hinâ†’San,all,2,src,0.51523
Hinâ†’San,all,2,post_src,0.05109
Hinâ†’San,all,2,tgt_self,0.26357
Hinâ†’San,all,3,pre_instr,0.03911
Hinâ†’San,all,3,instruction,0.02169
Hinâ†’San,all,3,src,0.61406
Hinâ†’San,all,3,post_src,0.05742
Hinâ†’San,all,3,tgt_self,0.19375
Hinâ†’San,all,4,pre_instr,0.0656
Hinâ†’San,all,4,instruction,0.01501
Hinâ†’San,all,4,src,0.63047
Hinâ†’San,all,4,post_src,0.04352
Hinâ†’San,all,4,tgt_self,0.19351
Hinâ†’San,all,5,pre_instr,0.06038
Hinâ†’San,all,5,instruction,0.01047
Hinâ†’San,all,5,src,0.59297
Hinâ†’San,all,5,post_src,0.03936
Hinâ†’San,all,5,tgt_self,0.23652
Hinâ†’San,all,6,pre_instr,0.17412
Hinâ†’San,all,6,instruction,0.02903
Hinâ†’San,all,6,src,0.48105
Hinâ†’San,all,6,post_src,0.05735
Hinâ†’San,all,6,tgt_self,0.19863
Hinâ†’San,all,7,pre_instr,0.27139
Hinâ†’San,all,7,instruction,0.03213
Hinâ†’San,all,7,src,0.3623
Hinâ†’San,all,7,post_src,0.08464
Hinâ†’San,all,7,tgt_self,0.20337
Hinâ†’San,all,8,pre_instr,0.06802
Hinâ†’San,all,8,instruction,0.01928
Hinâ†’San,all,8,src,0.20195
Hinâ†’San,all,8,post_src,0.09106
Hinâ†’San,all,8,tgt_self,0.30107
Hinâ†’San,first,1,pre_instr,0.0525
Hinâ†’San,first,1,instruction,0.27568
Hinâ†’San,first,1,src,0.46777
Hinâ†’San,first,1,post_src,0.15771
Hinâ†’San,first,1,tgt_self,0.0
Hinâ†’San,first,2,pre_instr,0.06765
Hinâ†’San,first,2,instruction,0.17788
Hinâ†’San,first,2,src,0.51348
Hinâ†’San,first,2,post_src,0.13765
Hinâ†’San,first,2,tgt_self,0.0
Hinâ†’San,first,3,pre_instr,0.03884
Hinâ†’San,first,3,instruction,0.1368
Hinâ†’San,first,3,src,0.6457
Hinâ†’San,first,3,post_src,0.12979
Hinâ†’San,first,3,tgt_self,0.0
Hinâ†’San,first,4,pre_instr,0.07576
Hinâ†’San,first,4,instruction,0.12457
Hinâ†’San,first,4,src,0.60566
Hinâ†’San,first,4,post_src,0.15112
Hinâ†’San,first,4,tgt_self,0.0
Hinâ†’San,first,5,pre_instr,0.05188
Hinâ†’San,first,5,instruction,0.05339
Hinâ†’San,first,5,src,0.75781
Hinâ†’San,first,5,post_src,0.09927
Hinâ†’San,first,5,tgt_self,0.0
Hinâ†’San,first,6,pre_instr,0.14512
Hinâ†’San,first,6,instruction,0.06028
Hinâ†’San,first,6,src,0.63984
Hinâ†’San,first,6,post_src,0.11511
Hinâ†’San,first,6,tgt_self,0.0
Hinâ†’San,first,7,pre_instr,0.30693
Hinâ†’San,first,7,instruction,0.0515
Hinâ†’San,first,7,src,0.43965
Hinâ†’San,first,7,post_src,0.15103
Hinâ†’San,first,7,tgt_self,0.0
Hinâ†’San,first,8,pre_instr,0.07742
Hinâ†’San,first,8,instruction,0.03879
Hinâ†’San,first,8,src,0.28281
Hinâ†’San,first,8,post_src,0.23105
Hinâ†’San,first,8,tgt_self,0.0
Hinâ†’San,later,1,pre_instr,0.02826
Hinâ†’San,later,1,instruction,0.08682
Hinâ†’San,later,1,src,0.36621
Hinâ†’San,later,1,post_src,0.04288
Hinâ†’San,later,1,tgt_self,0.41055
Hinâ†’San,later,2,pre_instr,0.05388
Hinâ†’San,later,2,instruction,0.0244
Hinâ†’San,later,2,src,0.50977
Hinâ†’San,later,2,post_src,0.04868
Hinâ†’San,later,2,tgt_self,0.27793
Hinâ†’San,later,3,pre_instr,0.03909
Hinâ†’San,later,3,instruction,0.01908
Hinâ†’San,later,3,src,0.60723
Hinâ†’San,later,3,post_src,0.05571
Hinâ†’San,later,3,tgt_self,0.20459
Hinâ†’San,later,4,pre_instr,0.06592
Hinâ†’San,later,4,instruction,0.01292
Hinâ†’San,later,4,src,0.62305
Hinâ†’San,later,4,post_src,0.04109
Hinâ†’San,later,4,tgt_self,0.2042
Hinâ†’San,later,5,pre_instr,0.06086
Hinâ†’San,later,5,instruction,0.00912
Hinâ†’San,later,5,src,0.58398
Hinâ†’San,later,5,post_src,0.03668
Hinâ†’San,later,5,tgt_self,0.24893
Hinâ†’San,later,6,pre_instr,0.1751
Hinâ†’San,later,6,instruction,0.02797
Hinâ†’San,later,6,src,0.47207
Hinâ†’San,later,6,post_src,0.05559
Hinâ†’San,later,6,tgt_self,0.20869
Hinâ†’San,later,7,pre_instr,0.27051
Hinâ†’San,later,7,instruction,0.03145
Hinâ†’San,later,7,src,0.35557
Hinâ†’San,later,7,post_src,0.0822
Hinâ†’San,later,7,tgt_self,0.21387
Hinâ†’San,later,8,pre_instr,0.0676
Hinâ†’San,later,8,instruction,0.01828
Hinâ†’San,later,8,src,0.19648
Hinâ†’San,later,8,post_src,0.0855
Hinâ†’San,later,8,tgt_self,0.31572
Hinâ†’Kan,all,1,pre_instr,0.0389
Hinâ†’Kan,all,1,instruction,0.07668
Hinâ†’Kan,all,1,src,0.32383
Hinâ†’Kan,all,1,post_src,0.05596
Hinâ†’Kan,all,1,tgt_self,0.42461
Hinâ†’Kan,all,2,pre_instr,0.05999
Hinâ†’Kan,all,2,instruction,0.02629
Hinâ†’Kan,all,2,src,0.5748
Hinâ†’Kan,all,2,post_src,0.05193
Hinâ†’Kan,all,2,tgt_self,0.20156
Hinâ†’Kan,all,3,pre_instr,0.04426
Hinâ†’Kan,all,3,instruction,0.02137
Hinâ†’Kan,all,3,src,0.6293
Hinâ†’Kan,all,3,post_src,0.05839
Hinâ†’Kan,all,3,tgt_self,0.17212
Hinâ†’Kan,all,4,pre_instr,0.07712
Hinâ†’Kan,all,4,instruction,0.01702
Hinâ†’Kan,all,4,src,0.64922
Hinâ†’Kan,all,4,post_src,0.0468
Hinâ†’Kan,all,4,tgt_self,0.15371
Hinâ†’Kan,all,5,pre_instr,0.08179
Hinâ†’Kan,all,5,instruction,0.00876
Hinâ†’Kan,all,5,src,0.61055
Hinâ†’Kan,all,5,post_src,0.03809
Hinâ†’Kan,all,5,tgt_self,0.18115
Hinâ†’Kan,all,6,pre_instr,0.17446
Hinâ†’Kan,all,6,instruction,0.03452
Hinâ†’Kan,all,6,src,0.48672
Hinâ†’Kan,all,6,post_src,0.07046
Hinâ†’Kan,all,6,tgt_self,0.16255
Hinâ†’Kan,all,7,pre_instr,0.26807
Hinâ†’Kan,all,7,instruction,0.04082
Hinâ†’Kan,all,7,src,0.3835
Hinâ†’Kan,all,7,post_src,0.08943
Hinâ†’Kan,all,7,tgt_self,0.16187
Hinâ†’Kan,all,8,pre_instr,0.05176
Hinâ†’Kan,all,8,instruction,0.02119
Hinâ†’Kan,all,8,src,0.17285
Hinâ†’Kan,all,8,post_src,0.10425
Hinâ†’Kan,all,8,tgt_self,0.30713
Hinâ†’Kan,first,1,pre_instr,0.07573
Hinâ†’Kan,first,1,instruction,0.28828
Hinâ†’Kan,first,1,src,0.28867
Hinâ†’Kan,first,1,post_src,0.15454
Hinâ†’Kan,first,1,tgt_self,0.0
Hinâ†’Kan,first,2,pre_instr,0.11294
Hinâ†’Kan,first,2,instruction,0.29277
Hinâ†’Kan,first,2,src,0.2583
Hinâ†’Kan,first,2,post_src,0.14727
Hinâ†’Kan,first,2,tgt_self,0.0
Hinâ†’Kan,first,3,pre_instr,0.11328
Hinâ†’Kan,first,3,instruction,0.36504
Hinâ†’Kan,first,3,src,0.22676
Hinâ†’Kan,first,3,post_src,0.19395
Hinâ†’Kan,first,3,tgt_self,0.0
Hinâ†’Kan,first,4,pre_instr,0.0947
Hinâ†’Kan,first,4,instruction,0.30488
Hinâ†’Kan,first,4,src,0.43584
Hinâ†’Kan,first,4,post_src,0.10591
Hinâ†’Kan,first,4,tgt_self,0.0
Hinâ†’Kan,first,5,pre_instr,0.08821
Hinâ†’Kan,first,5,instruction,0.04873
Hinâ†’Kan,first,5,src,0.69375
Hinâ†’Kan,first,5,post_src,0.06837
Hinâ†’Kan,first,5,tgt_self,0.0
Hinâ†’Kan,first,6,pre_instr,0.16597
Hinâ†’Kan,first,6,instruction,0.05439
Hinâ†’Kan,first,6,src,0.525
Hinâ†’Kan,first,6,post_src,0.128
Hinâ†’Kan,first,6,tgt_self,0.0
Hinâ†’Kan,first,7,pre_instr,0.28437
Hinâ†’Kan,first,7,instruction,0.04821
Hinâ†’Kan,first,7,src,0.42002
Hinâ†’Kan,first,7,post_src,0.1585
Hinâ†’Kan,first,7,tgt_self,0.0
Hinâ†’Kan,first,8,pre_instr,0.03804
Hinâ†’Kan,first,8,instruction,0.02394
Hinâ†’Kan,first,8,src,0.23052
Hinâ†’Kan,first,8,post_src,0.20215
Hinâ†’Kan,first,8,tgt_self,0.0
Hinâ†’Kan,later,1,pre_instr,0.03707
Hinâ†’Kan,later,1,instruction,0.06936
Hinâ†’Kan,later,1,src,0.31855
Hinâ†’Kan,later,1,post_src,0.05288
Hinâ†’Kan,later,1,tgt_self,0.44805
Hinâ†’Kan,later,2,pre_instr,0.05923
Hinâ†’Kan,later,2,instruction,0.01893
Hinâ†’Kan,later,2,src,0.57773
Hinâ†’Kan,later,2,post_src,0.04883
Hinâ†’Kan,later,2,tgt_self,0.21387
Hinâ†’Kan,later,3,pre_instr,0.04248
Hinâ†’Kan,later,3,instruction,0.01235
Hinâ†’Kan,later,3,src,0.63164
Hinâ†’Kan,later,3,post_src,0.05485
Hinâ†’Kan,later,3,tgt_self,0.18408
Hinâ†’Kan,later,4,pre_instr,0.07764
Hinâ†’Kan,later,4,instruction,0.01007
Hinâ†’Kan,later,4,src,0.6457
Hinâ†’Kan,later,4,post_src,0.04561
Hinâ†’Kan,later,4,tgt_self,0.1645
Hinâ†’Kan,later,5,pre_instr,0.0832
Hinâ†’Kan,later,5,instruction,0.0082
Hinâ†’Kan,later,5,src,0.59805
Hinâ†’Kan,later,5,post_src,0.03611
Hinâ†’Kan,later,5,tgt_self,0.19395
Hinâ†’Kan,later,6,pre_instr,0.1771
Hinâ†’Kan,later,6,instruction,0.0349
Hinâ†’Kan,later,6,src,0.47813
Hinâ†’Kan,later,6,post_src,0.06819
Hinâ†’Kan,later,6,tgt_self,0.17275
Hinâ†’Kan,later,7,pre_instr,0.26875
Hinâ†’Kan,later,7,instruction,0.0412
Hinâ†’Kan,later,7,src,0.37461
Hinâ†’Kan,later,7,post_src,0.08835
Hinâ†’Kan,later,7,tgt_self,0.17158
Hinâ†’Kan,later,8,pre_instr,0.05188
Hinâ†’Kan,later,8,instruction,0.02081
Hinâ†’Kan,later,8,src,0.16763
Hinâ†’Kan,later,8,post_src,0.09915
Hinâ†’Kan,later,8,tgt_self,0.32324
Kanâ†’San,all,1,pre_instr,0.0311
Kanâ†’San,all,1,instruction,0.11978
Kanâ†’San,all,1,src,0.3166
Kanâ†’San,all,1,post_src,0.04166
Kanâ†’San,all,1,tgt_self,0.40449
Kanâ†’San,all,2,pre_instr,0.05874
Kanâ†’San,all,2,instruction,0.03567
Kanâ†’San,all,2,src,0.54824
Kanâ†’San,all,2,post_src,0.04603
Kanâ†’San,all,2,tgt_self,0.21665
Kanâ†’San,all,3,pre_instr,0.04663
Kanâ†’San,all,3,instruction,0.03571
Kanâ†’San,all,3,src,0.6375
Kanâ†’San,all,3,post_src,0.04368
Kanâ†’San,all,3,tgt_self,0.16055
Kanâ†’San,all,4,pre_instr,0.07913
Kanâ†’San,all,4,instruction,0.02002
Kanâ†’San,all,4,src,0.62617
Kanâ†’San,all,4,post_src,0.03984
Kanâ†’San,all,4,tgt_self,0.17109
Kanâ†’San,all,5,pre_instr,0.08372
Kanâ†’San,all,5,instruction,0.00865
Kanâ†’San,all,5,src,0.57676
Kanâ†’San,all,5,post_src,0.03336
Kanâ†’San,all,5,tgt_self,0.2084
Kanâ†’San,all,6,pre_instr,0.18818
Kanâ†’San,all,6,instruction,0.02507
Kanâ†’San,all,6,src,0.47793
Kanâ†’San,all,6,post_src,0.06379
Kanâ†’San,all,6,tgt_self,0.17087
Kanâ†’San,all,7,pre_instr,0.28604
Kanâ†’San,all,7,instruction,0.02937
Kanâ†’San,all,7,src,0.36035
Kanâ†’San,all,7,post_src,0.08811
Kanâ†’San,all,7,tgt_self,0.17546
Kanâ†’San,all,8,pre_instr,0.06836
Kanâ†’San,all,8,instruction,0.01935
Kanâ†’San,all,8,src,0.15723
Kanâ†’San,all,8,post_src,0.10125
Kanâ†’San,all,8,tgt_self,0.30723
Kanâ†’San,first,1,pre_instr,0.06289
Kanâ†’San,first,1,instruction,0.33828
Kanâ†’San,first,1,src,0.38555
Kanâ†’San,first,1,post_src,0.14897
Kanâ†’San,first,1,tgt_self,0.0
Kanâ†’San,first,2,pre_instr,0.06748
Kanâ†’San,first,2,instruction,0.23164
Kanâ†’San,first,2,src,0.43574
Kanâ†’San,first,2,post_src,0.1502
Kanâ†’San,first,2,tgt_self,0.0
Kanâ†’San,first,3,pre_instr,0.05752
Kanâ†’San,first,3,instruction,0.32578
Kanâ†’San,first,3,src,0.39453
Kanâ†’San,first,3,post_src,0.1252
Kanâ†’San,first,3,tgt_self,0.0
Kanâ†’San,first,4,pre_instr,0.10669
Kanâ†’San,first,4,instruction,0.30479
Kanâ†’San,first,4,src,0.38301
Kanâ†’San,first,4,post_src,0.12959
Kanâ†’San,first,4,tgt_self,0.0
Kanâ†’San,first,5,pre_instr,0.0644
Kanâ†’San,first,5,instruction,0.02958
Kanâ†’San,first,5,src,0.7875
Kanâ†’San,first,5,post_src,0.07056
Kanâ†’San,first,5,tgt_self,0.0
Kanâ†’San,first,6,pre_instr,0.18223
Kanâ†’San,first,6,instruction,0.0382
Kanâ†’San,first,6,src,0.64766
Kanâ†’San,first,6,post_src,0.09968
Kanâ†’San,first,6,tgt_self,0.0
Kanâ†’San,first,7,pre_instr,0.34316
Kanâ†’San,first,7,instruction,0.04026
Kanâ†’San,first,7,src,0.42842
Kanâ†’San,first,7,post_src,0.1335
Kanâ†’San,first,7,tgt_self,0.0
Kanâ†’San,first,8,pre_instr,0.07361
Kanâ†’San,first,8,instruction,0.03259
Kanâ†’San,first,8,src,0.23325
Kanâ†’San,first,8,post_src,0.22695
Kanâ†’San,first,8,tgt_self,0.0
Kanâ†’San,later,1,pre_instr,0.02933
Kanâ†’San,later,1,instruction,0.10984
Kanâ†’San,later,1,src,0.30498
Kanâ†’San,later,1,post_src,0.03701
Kanâ†’San,later,1,tgt_self,0.43281
Kanâ†’San,later,2,pre_instr,0.05745
Kanâ†’San,later,2,instruction,0.02851
Kanâ†’San,later,2,src,0.54668
Kanâ†’San,later,2,post_src,0.04141
Kanâ†’San,later,2,tgt_self,0.2332
Kanâ†’San,later,3,pre_instr,0.04683
Kanâ†’San,later,3,instruction,0.0256
Kanâ†’San,later,3,src,0.63867
Kanâ†’San,later,3,post_src,0.0403
Kanâ†’San,later,3,tgt_self,0.1728
Kanâ†’San,later,4,pre_instr,0.07935
Kanâ†’San,later,4,instruction,0.0108
Kanâ†’San,later,4,src,0.62539
Kanâ†’San,later,4,post_src,0.03617
Kanâ†’San,later,4,tgt_self,0.18403
Kanâ†’San,later,5,pre_instr,0.0855
Kanâ†’San,later,5,instruction,0.00791
Kanâ†’San,later,5,src,0.55996
Kanâ†’San,later,5,post_src,0.03114
Kanâ†’San,later,5,tgt_self,0.22466
Kanâ†’San,later,6,pre_instr,0.18887
Kanâ†’San,later,6,instruction,0.02488
Kanâ†’San,later,6,src,0.46387
Kanâ†’San,later,6,post_src,0.06252
Kanâ†’San,later,6,tgt_self,0.18384
Kanâ†’San,later,7,pre_instr,0.28652
Kanâ†’San,later,7,instruction,0.02935
Kanâ†’San,later,7,src,0.34834
Kanâ†’San,later,7,post_src,0.08601
Kanâ†’San,later,7,tgt_self,0.18745
Kanâ†’San,later,8,pre_instr,0.06846
Kanâ†’San,later,8,instruction,0.01854
Kanâ†’San,later,8,src,0.14932
Kanâ†’San,later,8,post_src,0.09321
Kanâ†’San,later,8,tgt_self,0.32754
Kanâ†’Hin,all,1,pre_instr,0.03604
Kanâ†’Hin,all,1,instruction,0.10337
Kanâ†’Hin,all,1,src,0.38262
Kanâ†’Hin,all,1,post_src,0.06255
Kanâ†’Hin,all,1,tgt_self,0.34043
Kanâ†’Hin,all,2,pre_instr,0.05254
Kanâ†’Hin,all,2,instruction,0.01609
Kanâ†’Hin,all,2,src,0.60586
Kanâ†’Hin,all,2,post_src,0.04528
Kanâ†’Hin,all,2,tgt_self,0.18613
Kanâ†’Hin,all,3,pre_instr,0.04138
Kanâ†’Hin,all,3,instruction,0.02263
Kanâ†’Hin,all,3,src,0.64961
Kanâ†’Hin,all,3,post_src,0.05244
Kanâ†’Hin,all,3,tgt_self,0.16074
Kanâ†’Hin,all,4,pre_instr,0.06541
Kanâ†’Hin,all,4,instruction,0.02115
Kanâ†’Hin,all,4,src,0.68984
Kanâ†’Hin,all,4,post_src,0.04729
Kanâ†’Hin,all,4,tgt_self,0.11855
Kanâ†’Hin,all,5,pre_instr,0.07678
Kanâ†’Hin,all,5,instruction,0.00749
Kanâ†’Hin,all,5,src,0.64141
Kanâ†’Hin,all,5,post_src,0.0397
Kanâ†’Hin,all,5,tgt_self,0.16089
Kanâ†’Hin,all,6,pre_instr,0.14478
Kanâ†’Hin,all,6,instruction,0.02573
Kanâ†’Hin,all,6,src,0.57812
Kanâ†’Hin,all,6,post_src,0.06548
Kanâ†’Hin,all,6,tgt_self,0.12451
Kanâ†’Hin,all,7,pre_instr,0.26299
Kanâ†’Hin,all,7,instruction,0.03281
Kanâ†’Hin,all,7,src,0.43711
Kanâ†’Hin,all,7,post_src,0.08447
Kanâ†’Hin,all,7,tgt_self,0.1353
Kanâ†’Hin,all,8,pre_instr,0.06394
Kanâ†’Hin,all,8,instruction,0.02234
Kanâ†’Hin,all,8,src,0.19766
Kanâ†’Hin,all,8,post_src,0.09612
Kanâ†’Hin,all,8,tgt_self,0.27314
Kanâ†’Hin,first,1,pre_instr,0.0582
Kanâ†’Hin,first,1,instruction,0.29941
Kanâ†’Hin,first,1,src,0.38984
Kanâ†’Hin,first,1,post_src,0.16914
Kanâ†’Hin,first,1,tgt_self,0.0
Kanâ†’Hin,first,2,pre_instr,0.07288
Kanâ†’Hin,first,2,instruction,0.17529
Kanâ†’Hin,first,2,src,0.48457
Kanâ†’Hin,first,2,post_src,0.14229
Kanâ†’Hin,first,2,tgt_self,0.0
Kanâ†’Hin,first,3,pre_instr,0.05154
Kanâ†’Hin,first,3,instruction,0.28037
Kanâ†’Hin,first,3,src,0.48926
Kanâ†’Hin,first,3,post_src,0.11133
Kanâ†’Hin,first,3,tgt_self,0.0
Kanâ†’Hin,first,4,pre_instr,0.0873
Kanâ†’Hin,first,4,instruction,0.22485
Kanâ†’Hin,first,4,src,0.49414
Kanâ†’Hin,first,4,post_src,0.12432
Kanâ†’Hin,first,4,tgt_self,0.0
Kanâ†’Hin,first,5,pre_instr,0.06709
Kanâ†’Hin,first,5,instruction,0.03293
Kanâ†’Hin,first,5,src,0.79727
Kanâ†’Hin,first,5,post_src,0.06533
Kanâ†’Hin,first,5,tgt_self,0.0
Kanâ†’Hin,first,6,pre_instr,0.13042
Kanâ†’Hin,first,6,instruction,0.03987
Kanâ†’Hin,first,6,src,0.66523
Kanâ†’Hin,first,6,post_src,0.12163
Kanâ†’Hin,first,6,tgt_self,0.0
Kanâ†’Hin,first,7,pre_instr,0.23066
Kanâ†’Hin,first,7,instruction,0.03663
Kanâ†’Hin,first,7,src,0.57734
Kanâ†’Hin,first,7,post_src,0.11309
Kanâ†’Hin,first,7,tgt_self,0.0
Kanâ†’Hin,first,8,pre_instr,0.05374
Kanâ†’Hin,first,8,instruction,0.0349
Kanâ†’Hin,first,8,src,0.31738
Kanâ†’Hin,first,8,post_src,0.18408
Kanâ†’Hin,first,8,tgt_self,0.0
Kanâ†’Hin,later,1,pre_instr,0.03485
Kanâ†’Hin,later,1,instruction,0.09346
Kanâ†’Hin,later,1,src,0.37559
Kanâ†’Hin,later,1,post_src,0.0595
Kanâ†’Hin,later,1,tgt_self,0.36367
Kanâ†’Hin,later,2,pre_instr,0.05178
Kanâ†’Hin,later,2,instruction,0.01017
Kanâ†’Hin,later,2,src,0.60352
Kanâ†’Hin,later,2,post_src,0.04061
Kanâ†’Hin,later,2,tgt_self,0.20127
Kanâ†’Hin,later,3,pre_instr,0.04147
Kanâ†’Hin,later,3,instruction,0.01325
Kanâ†’Hin,later,3,src,0.64727
Kanâ†’Hin,later,3,post_src,0.05012
Kanâ†’Hin,later,3,tgt_self,0.17417
Kanâ†’Hin,later,4,pre_instr,0.06531
Kanâ†’Hin,later,4,instruction,0.01395
Kanâ†’Hin,later,4,src,0.69063
Kanâ†’Hin,later,4,post_src,0.04399
Kanâ†’Hin,later,4,tgt_self,0.12842
Kanâ†’Hin,later,5,pre_instr,0.07783
Kanâ†’Hin,later,5,instruction,0.00653
Kanâ†’Hin,later,5,src,0.62891
Kanâ†’Hin,later,5,post_src,0.03796
Kanâ†’Hin,later,5,tgt_self,0.17417
Kanâ†’Hin,later,6,pre_instr,0.14736
Kanâ†’Hin,later,6,instruction,0.02523
Kanâ†’Hin,later,6,src,0.56914
Kanâ†’Hin,later,6,post_src,0.06292
Kanâ†’Hin,later,6,tgt_self,0.13433
Kanâ†’Hin,later,7,pre_instr,0.26768
Kanâ†’Hin,later,7,instruction,0.03285
Kanâ†’Hin,later,7,src,0.42207
Kanâ†’Hin,later,7,post_src,0.08394
Kanâ†’Hin,later,7,tgt_self,0.14595
Kanâ†’Hin,later,8,pre_instr,0.06501
Kanâ†’Hin,later,8,instruction,0.02136
Kanâ†’Hin,later,8,src,0.18672
Kanâ†’Hin,later,8,post_src,0.0906
Kanâ†’Hin,later,8,tgt_self,0.29248
